round,draw_date,source_verified,source_type,source_channel,review_status,review_url,source_title
1237,2026-08-15,True,unverified,동행복권,verified,https://www.youtube.com/watch?v=stJ5VaAmMsU&t=325s,로또6/45 제1237회 당첨번호 2026년 08월 15일
1236,2026-08-08,True,unverified,동행복권,verified,https://www.youtube.com/watch?v=NggCewqvbFg&t=325s,로또6/45 제1236회 당첨번호 2026년 08월 08일
1235,2026-08-01,True,unverified,동행복권,verified,https://www.youtube.com/watch?v=iEdSY8_8a04&t=325s,로또6/45 제1235회 당첨번호 2026년 08월 01일
1234,2026-07-25,True,unverified,동행복권,verified,https://www.youtube.com/watch?v=2TNB8d91t1U&t=325s,로또6/45 제1234회 당첨번호 2026년 07월 25일
1233,2026-07-18,True,unverified,동행복권,verified,https://www.youtube.com/watch?v=xkQbuNCsSxo&t=325s,로또6/45 제1233회 당첨번호 2026년 07월 18일
1232,2026-07-11,True,unverified,동행복권,verified,https://www.youtube.com/watch?v=szBQ2w0hTHI&t=325s,로또6/45 제1232회 당첨번호 2026년 07월 11일
1231,2026-07-04,True,unverified,동행복권,verified,https://www.youtube.com/watch?v=IDUCoSSlE20&t=325s,로또6/45 제1231회 당첨번호 2026년 07월 04일
1230,2026-06-27,True,unverified,동행복권,verified,https://www.youtube.com/watch?v=RrRmWKXV_6M&t=325s,로또6/45 제1230회 당첨번호 2026년 06월 27일
1229,2026-06-20,True,unverified,동행복권,verified,https://www.youtube.com/watch?v=IIPiDuwTTxI&t=325s,로또6/45 제1229회 당첨번호 2026년 06월 20일
1228,2026-06-13,True,unverified,동행복권,verified,https://www.youtube.com/watch?v=aH1zylib87M&t=325s,로또6/45 제1228회 당첨번호 2026년 06월 13일
1227,2026-06-06,True,unverified,동행복권,verified,https://www.youtube.com/watch?v=Ld8XLkBm1M4&t=325s,로또6/45 제1227회 당첨번호 2026년 06월 06일
1226,2026-05-30,True,unverified,동행복권,verified,https://www.youtube.com/watch?v=IQQfdt2RbMY&t=325s,로또6/45 제1226회 당첨번호 2026년 05월 30일
1225,2026-05-23,True,unverified,동행복권,verified,https://www.youtube.com/watch?v=6Xr0qpw7bk4&t=325s,로또6/45 제1225회 당첨번호 2026년 05월 23일
1224,2026-05-16,True,unverified,동행복권,verified,https://www.youtube.com/watch?v=J--t5kM7LYs&t=325s,로또6/45 제1224회 당첨번호 2026년 05월 16일
1223,2026-05-09,True,unverified,동행복권,verified,https://www.youtube.com/watch?v=37wY5YUdj-A&t=325s,로또6/45 제1223회 당첨번호 2026년 05월 09일
1222,2026-05-02,True,unverified,동행복권,verified,https://www.youtube.com/watch?v=C9R_eNPxPSk&t=325s,로또6/45 제1222회 당첨번호 2026년 05월 02일
1221,2026-04-25,True,unverified,동행복권,verified,https://www.youtube.com/watch?v=daEpaGg7cd8&t=325s,로또6/45 제1221회 당첨번호 2026년 04월 25일
1220,2026-04-18,True,unverified,동행복권,verified,https://www.youtube.com/watch?v=snm5709yeF8&t=325s,로또6/45 제1220회 당첨번호 2026년 04월 18일
1219,2026-04-11,True,unverified,동행복권,verified,https://www.youtube.com/watch?v=QA2ewlJeXCQ&t=325s,로또6/45 제1219회 당첨번호 2026년 04월 11일
1218,2026-04-04,True,unverified,동행복권,verified,https://www.youtube.com/watch?v=_RobpZ6T3Qc&t=325s,로또6/45 제1218회 당첨번호 2026년 04월 04일
1217,2026-03-28,True,unverified,동행복권,verified,https://www.youtube.com/watch?v=w2_jc_8pkxw&t=325s,로또6/45 제1217회 당첨번호 2026년 03월 28일
1216,2026-03-21,True,unverified,동행복권,verified,https://www.youtube.com/watch?v=bHZhu1OB88A&t=325s,로또6/45 제1216회 당첨번호 2026년 03월 21일
1215,2026-03-14,True,unverified,동행복권,verified,https://www.youtube.com/watch?v=A07FeZPeL9U&t=325s,로또6/45 제1215회 당첨번호 2026년 03월 14일
1214,2026-03-07,True,unverified,동행복권,verified,https://www.youtube.com/watch?v=A28yO_fz6gY&t=325s,로또6/45 제1214회 당첨번호 2026년 03월 07일
1213,2026-02-28,True,unverified,동행복권,verified,https://www.youtube.com/watch?v=gwKmvzeXG6s&t=325s,로또6/45 제1213회 당첨번호 2026년 02월 28일
1212,2026-02-21,True,unverified,동행복권,verified,https://www.youtube.com/watch?v=MC2B-7XjmVs&t=325s,로또6/45 제1212회 당첨번호 2026년 02월 21일
1211,2026-02-14,True,unverified,동행복권,verified,https://www.youtube.com/watch?v=yswWL0f7YxM&t=325s,로또6/45 제1211회 당첨번호 2026년 02월 14일
1210,2026-02-07,True,unverified,동행복권,verified,https://www.youtube.com/watch?v=e_EWy1MNmn0&t=325s,로또6/45 제1210회 당첨번호 2026년 02월 07일
1209,2026-01-31,True,unverified,동행복권,verified,https://www.youtube.com/watch?v=5enHEZ6KeJI&t=325s,로또6/45 제1209회 당첨번호 2026년 01월 31일
1208,2026-01-24,True,unverified,동행복권,verified,https://www.youtube.com/watch?v=Xqci7nlQCdc&t=325s,로또6/45 제1208회 당첨번호 2026년 01월 24일
1207,2026-01-17,True,unverified,동행복권,verified,https://www.youtube.com/watch?v=aV_WwXdSJzo&t=325s,로또6/45 제1207회 당첨번호 2026년 01월 17일
1206,2026-01-10,True,unverified,동행복권,verified,https://www.youtube.com/watch?v=PpG7NJZVUrg&t=325s,로또6/45 제1206회 당첨번호 2026년 01월 10일
1205,2026-01-03,True,unverified,동행복권,verified,https://www.youtube.com/watch?v=w_Bxv27IV0A&t=325s,로또6/45 제1205회 당첨번호 2026년 01월 03일
1204,2025-12-27,True,unverified,동행복권,verified,https://www.youtube.com/watch?v=VZs3YNjvDJI&t=325s,로또6/45 제1204회 당첨번호 2025년 12월 27일
1203,2025-12-20,True,unverified,동행복권,verified,https://www.youtube.com/watch?v=q9muxkLmNBc&t=325s,로또6/45 제1203회 당첨번호 2025년 12월 20일
1202,2025-12-13,True,unverified,동행복권,verified,https://www.youtube.com/watch?v=v-Fscod3zL8&t=325s,로또6/45 제1202회 당첨번호 2025년 12월 13일
1201,2025-12-06,True,unverified,동행복권,verified,https://www.youtube.com/watch?v=FJYS9tQRGo0&t=325s,로또6/45 제1201회 당첨번호 2025년 12월 06일
1200,2025-11-29,True,unverified,동행복권,verified,https://www.youtube.com/watch?v=WaqFkkV4ZRo&t=325s,로또6/45 제1200회 당첨번호 2025년 11월 29일
1199,2025-11-22,True,unverified,동행복권,verified,https://www.youtube.com/watch?v=dHieRPCruEA&t=325s,로또6/45 제1199회 당첨번호 2025년 11월 22일
1198,2025-11-15,True,unverified,동행복권,verified,https://www.youtube.com/watch?v=ah_XfPzUM6w&t=325s,로또6/45 제1198회 당첨번호 2025년 11월 15일
1197,2025-11-08,True,unverified,동행복권,verified,https://www.youtube.com/watch?v=e0w9C8UNFmE&t=325s,로또6/45 제1197회 당첨번호 2025년 11월 08일
1196,2025-11-01,True,unverified,동행복권,verified,https://www.youtube.com/watch?v=SoL0L7hNxt0&t=325s,로또6/45 제1196회 당첨번호 2025년 11월 01일
1195,2025-10-25,True,unverified,동행복권,verified,https://www.youtube.com/watch?v=aglphb_V79A&t=325s,로또6/45 제1195회 당첨번호 2025년 10월 25일
1193,2025-10-11,True,unverified,동행복권,verified,https://www.youtube.com/watch?v=i-haBws7hW4&t=325s,로또6/45 제1193회 당첨번호 2025년 10월 11일
1192,2025-10-04,True,unverified,동행복권,verified,https://www.youtube.com/watch?v=uC41-nfKiEw&t=325s,로또6/45 제1192회 당첨번호 2025년 10월 04일
1191,2025-09-27,True,unverified,동행복권,verified,https://www.youtube.com/watch?v=EQpzyv2K9lU&t=325s,로또6/45 제1191회 당첨번호 2025년 09월 27일
1190,2025-09-20,True,unverified,동행복권,verified,https://www.youtube.com/watch?v=Upoia_Yw4yk&t=325s,로또6/45 제1190회 당첨번호 2025년 09월 20일
1189,2025-09-13,True,unverified,동행복권,verified,https://www.youtube.com/watch?v=hNfjKz40zuM&t=325s,로또6/45 제1189회 당첨번호 2025년 09월 13일
1188,2025-09-06,True,unverified,동행복권,verified,https://www.youtube.com/watch?v=_9yTSFfNaKg&t=325s,로또6/45 제1188회 당첨번호 2025년 09월 06일
1187,2025-08-30,True,unverified,동행복권,verified,https://www.youtube.com/watch?v=BIERycUNDmw&t=325s,로또6/45 제1187회 당첨번호 2025년 08월 30일
1186,2025-08-23,True,unverified,동행복권,verified,https://www.youtube.com/watch?v=76HTD18_44k&t=325s,로또6/45 제1186회 당첨번호 2025년 08월 23일
1185,2025-08-16,True,unverified,동행복권,verified,https://www.youtube.com/watch?v=0wYxdRRVWtI&t=325s,로또6/45 제1185회 당첨번호 2025년 08월 16일
1184,2025-08-09,True,unverified,동행복권,verified,https://www.youtube.com/watch?v=OAr9bmL5WqY&t=325s,로또6/45 제1184회 당첨번호 2025년 08월 09일
1183,2025-08-02,True,unverified,동행복권,verified,https://www.youtube.com/watch?v=_QXha2cXGiM&t=325s,로또6/45 제1183회 당첨번호 2025년 08월 02일
1182,2025-07-26,True,unverified,동행복권,verified,https://www.youtube.com/watch?v=13F4jiJRPIk&t=325s,로또6/45 제1182회 당첨번호 2025년 07월 26일
1181,2025-07-19,True,unverified,동행복권,verified,https://www.youtube.com/watch?v=5LPwCMxeiN4&t=325s,로또6/45 제1181회 당첨번호 2025년 07월 19일
1180,2025-07-12,True,unverified,동행복권,verified,https://www.youtube.com/watch?v=WPAkHkbaysQ&t=325s,로또6/45 제1180회 당첨번호 2025년 07월 12일
1179,2025-07-05,True,unverified,동행복권,verified,https://www.youtube.com/watch?v=aTWnMgijewQ&t=325s,로또6/45 제1179회 당첨번호 2025년 07월 05일
1178,2025-06-28,True,unverified,동행복권,verified,https://www.youtube.com/watch?v=7xNr7Z3jlJ0&t=325s,로또6/45 제1178회 당첨번호 2025년 06월 28일
1177,2025-06-21,True,unverified,동행복권,verified,https://www.youtube.com/watch?v=VHf5tSYXZag&t=325s,로또6/45 제1177회 당첨번호 2025년 06월 21일
1175,2025-06-07,True,unverified,동행복권,verified,https://www.youtube.com/watch?v=JvjCqDGoxq8&t=325s,로또6/45 제1175회 당첨번호 2025년 06월 07일
1174,2025-05-31,True,unverified,동행복권,verified,https://www.youtube.com/watch?v=dYq3KaP1xLw&t=325s,로또6/45 제1174회 당첨번호 2025년 05월 31일
1173,2025-05-24,True,unverified,동행복권,verified,https://www.youtube.com/watch?v=1BQscdB1Qqs&t=325s,로또6/45 제1173회 당첨번호 2025년 05월 24일
1172,2025-05-17,True,unverified,동행복권,verified,https://www.youtube.com/watch?v=SqNImrcZjb4&t=325s,로또6/45 제1172회 당첨번호 2025년 05월 17일
1171,2025-05-10,True,unverified,동행복권,verified,https://www.youtube.com/watch?v=G5jSECKWRDI&t=325s,로또6/45 제1171회 당첨번호 2025년 05월 10일
1170,2025-05-03,True,unverified,동행복권,verified,https://www.youtube.com/watch?v=VrlbUZlJRso&t=325s,로또6/45 제1170회 당첨번호 2025년 05월 03일
1169,2025-04-26,True,unverified,동행복권,verified,https://www.youtube.com/watch?v=KtR76enTsFo&t=325s,로또6/45 제1169회 당첨번호 2025년 04월 26일
1166,2025-04-05,True,unverified,동행복권,verified,https://www.youtube.com/watch?v=NFVWNKu84tY&t=325s,로또6/45 제1166회 당첨번호 2025년 04월 05일
1164,2025-03-22,True,unverified,동행복권,verified,https://www.youtube.com/watch?v=gmwCQ7zh2tc&t=325s,로또6/45 제1164회 당첨번호 2025년 03월 22일
1163,2025-03-15,True,unverified,동행복권,verified,https://www.youtube.com/watch?v=VZlcnNA6d2A&t=325s,로또6/45 제1163회 당첨번호 2025년 03월 15일
1162,2025-03-08,True,unverified,동행복권,verified,https://www.youtube.com/watch?v=DJCNY_Q8ycE&t=325s,로또6/45 제1162회 당첨번호 2025년 03월 08일
1161,2025-03-01,True,unverified,동행복권,verified,https://www.youtube.com/watch?v=r9l70DxtsNg&t=325s,로또6/45 제1161회 당첨번호 2025년 03월 01일
1160,2025-02-22,True,unverified,동행복권,verified,https://www.youtube.com/watch?v=5R3x_9pi-RY&t=325s,로또6/45 제1160회 당첨번호 2025년 02월 22일
1159,2025-02-15,True,unverified,동행복권,verified,https://www.youtube.com/watch?v=H4o3s_UYBIA&t=325s,로또6/45 제1159회 당첨번호 2025년 02월 15일
1158,2025-02-08,True,unverified,동행복권,verified,https://www.youtube.com/watch?v=WYeGLfpohvU&t=325s,로또6/45 제1158회 당첨번호 2025년 02월 08일
1157,2025-02-01,True,unverified,동행복권,verified,https://www.youtube.com/watch?v=72-hp6mz2T0&t=325s,로또6/45 제1157회 당첨번호 2025년 02월 01일
1156,2025-01-25,True,unverified,동행복권,verified,https://www.youtube.com/watch?v=eqWhyf2hLhs&t=325s,로또6/45 제1156회 당첨번호 2025년 01월 25일
1155,2025-01-18,True,unverified,동행복권,verified,https://www.youtube.com/watch?v=iCHxKk_CehU&t=325s,로또6/45 제1155회 당첨번호 2025년 01월 18일
1154,2025-01-11,True,unverified,동행복권,verified,https://www.youtube.com/watch?v=cNHdLlfm7fE&t=325s,로또6/45 제1154회 당첨번호 2025년 01월 11일
1153,2025-01-04,True,unverified,동행복권,verified,https://www.youtube.com/watch?v=7k82Aw4X_BA&t=325s,로또6/45 제1153회 당첨번호 2025년 01월 04일
1152,2024-12-28,True,unverified,동행복권,verified,https://www.youtube.com/watch?v=I9jU26_0HbY&t=325s,로또6/45 제1152회 당첨번호 2024년 12월 28일
1151,2024-12-21,True,unverified,동행복권,verified,https://www.youtube.com/watch?v=UDOgcBSrVzM&t=325s,로또6/45 제1151회 당첨번호 2024년 12월 21일
1150,2024-12-14,True,unverified,동행복권,verified,https://www.youtube.com/watch?v=n8zRmmS5Q6c&t=325s,로또6/45 제1150회 당첨번호 2024년 12월 14일
1149,2024-12-07,True,unverified,동행복권,verified,https://www.youtube.com/watch?v=6mGR4-IgHE0&t=325s,로또6/45 제1149회 당첨번호 2024년 12월 07일
1148,2024-11-30,True,unverified,동행복권,verified,https://www.youtube.com/watch?v=u3Tc8GPcRjo&t=325s,로또6/45 제1148회 당첨번호 2024년 11월 30일
1146,2024-11-16,True,unverified,동행복권,verified,https://www.youtube.com/watch?v=UddD7-sTFQ0&t=325s,로또6/45 제1146회 당첨번호 2024년 11월 16일
1145,2024-11-09,True,unverified,동행복권,verified,https://www.youtube.com/watch?v=PUg_Vz08bs4&t=325s,로또6/45 제1145회 당첨번호 2024년 11월 09일
1144,2024-11-02,True,unverified,동행복권,verified,https://www.youtube.com/watch?v=gnKNHpb-01k&t=325s,로또6/45 제1144회 당첨번호 2024년 11월 02일
1143,2024-10-26,True,unverified,동행복권,verified,https://www.youtube.com/watch?v=2K_FcJTPjgY&t=325s,로또6/45 제1143회 당첨번호 2024년 10월 26일
1142,2024-10-19,True,unverified,동행복권,verified,https://www.youtube.com/watch?v=QTohw7nIApo&t=325s,로또6/45 제1142회 당첨번호 2024년 10월 19일
1141,2024-10-12,True,unverified,동행복권,verified,https://www.youtube.com/watch?v=_9nvApOHV8M&t=325s,로또6/45 제1141회 당첨번호 2024년 10월 12일
1140,2024-10-05,True,unverified,동행복권,verified,https://www.youtube.com/watch?v=d7Rq_mQ4wAQ&t=325s,로또6/45 제1140회 당첨번호 2024년 10월 05일
1138,2024-09-21,True,unverified,동행복권,verified,https://www.youtube.com/watch?v=MMhO47AUIHQ&t=325s,로또6/45 제1138회 당첨번호 2024년 09월 21일
1137,2024-09-14,True,unverified,동행복권,verified,https://www.youtube.com/watch?v=2thSADVDCnk&t=325s,로또6/45 제1137회 당첨번호 2024년 09월 14일
1136,2024-09-07,True,unverified,동행복권,verified,https://www.youtube.com/watch?v=RDA3T91gryo&t=325s,로또6/45 제1136회 당첨번호 2024년 09월 07일
1135,2024-08-31,True,unverified,동행복권,verified,https://www.youtube.com/watch?v=oyH8l9yNl3o&t=325s,로또6/45 제1135회 당첨번호 2024년 08월 31일
1134,2024-08-24,True,unverified,동행복권,verified,https://www.youtube.com/watch?v=Ma4kFFZu8AY&t=325s,로또6/45 제1134회 당첨번호 2024년 08월 24일
1133,2024-08-17,True,unverified,동행복권,verified,https://www.youtube.com/watch?v=UTfqfjouyq0&t=325s,로또6/45 제1133회 당첨번호 2024년 08월 17일
1132,2024-08-10,True,unverified,동행복권,verified,https://www.youtube.com/watch?v=moCvP6apsJo&t=325s,로또6/45 제1132회 당첨번호 2024년 08월 10일
1131,2024-08-03,True,unverified,동행복권,verified,https://www.youtube.com/watch?v=i9XdB8FWLdg&t=325s,로또6/45 제1131회 당첨번호 2024년 08월 03일
1130,2024-07-27,True,unverified,동행복권,verified,https://www.youtube.com/watch?v=_yOp2mZTwK4&t=325s,로또6/45 제1130회 당첨번호 2024년 07월 27일
1129,2024-07-20,True,unverified,동행복권,verified,https://www.youtube.com/watch?v=lfMskr_1jbU&t=325s,로또6/45 제1129회 당첨번호 2024년 07월 20일
1128,2024-07-13,True,unverified,동행복권,verified,https://www.youtube.com/watch?v=0GTa77e14DI&t=325s,로또6/45 제1128회 당첨번호 2024년 07월 13일
1127,2024-07-06,True,unverified,동행복권,verified,https://www.youtube.com/watch?v=9ZeM45YW50k&t=325s,로또6/45 제1127회 당첨번호 2024년 07월 06일
1125,2024-06-22,True,unverified,동행복권,verified,https://www.youtube.com/watch?v=-1hkySgZ-7c&t=325s,로또6/45 제1125회 당첨번호 2024년 06월 22일
1124,2024-06-15,True,unverified,동행복권,verified,https://www.youtube.com/watch?v=7gIzG9zc_mU&t=325s,로또6/45 제1124회 당첨번호 2024년 06월 15일
1123,2024-06-08,True,unverified,동행복권,verified,https://www.youtube.com/watch?v=YMMClXuuAQA&t=325s,로또6/45 제1123회 당첨번호 2024년 06월 08일
1122,2024-06-01,True,unverified,동행복권,verified,https://www.youtube.com/watch?v=H5HpgJFWL_k&t=325s,로또6/45 제1122회 당첨번호 2024년 06월 01일
1121,2024-05-25,True,unverified,동행복권,verified,https://www.youtube.com/watch?v=0CYG-yqlbaU&t=325s,로또6/45 제1121회 당첨번호 2024년 05월 25일
1120,2024-05-18,True,unverified,동행복권,verified,https://www.youtube.com/watch?v=2Fzv44Pl5jI&t=325s,로또6/45 제1120회 당첨번호 2024년 05월 18일
1119,2024-05-11,True,unverified,동행복권,verified,https://www.youtube.com/watch?v=SKcBstuhaHM&t=325s,로또6/45 제1119회 당첨번호 2024년 05월 11일
1118,2024-05-04,True,unverified,동행복권,verified,https://www.youtube.com/watch?v=0rbE091Uvfo&t=325s,로또6/45 제1118회 당첨번호 2024년 05월 04일
1117,2024-04-27,True,unverified,동행복권,verified,https://www.youtube.com/watch?v=OU5-Bh9xy1c&t=325s,로또6/45 제1117회 당첨번호 2024년 04월 27일
1116,2024-04-20,True,unverified,동행복권,verified,https://www.youtube.com/watch?v=npI0QZR-tSA&t=325s,로또6/45 제1116회 당첨번호 2024년 04월 20일
1115,2024-04-13,True,unverified,동행복권,verified,https://www.youtube.com/watch?v=8ID_AmQ95KA&t=325s,로또6/45 제1115회 당첨번호 2024년 04월 13일
1114,2024-04-06,True,unverified,동행복권,verified,https://www.youtube.com/watch?v=W0hlREhmn8g&t=325s,로또6/45 제1114회 당첨번호 2024년 04월 06일
1113,2024-03-30,True,unverified,동행복권,verified,https://www.youtube.com/watch?v=FiHDjES7DEY&t=325s,로또6/45 제1113회 당첨번호 2024년 03월 30일
1112,2024-03-23,True,unverified,동행복권,verified,https://www.youtube.com/watch?v=t4aXU7ACx3o&t=325s,로또6/45 제1112회 당첨번호 2024년 03월 23일
1111,2024-03-16,True,unverified,동행복권,verified,https://www.youtube.com/watch?v=K8_RE__zUtw&t=325s,로또6/45 제1111회 당첨번호 2024년 03월 16일
1110,2024-03-09,True,unverified,동행복권,verified,https://www.youtube.com/watch?v=O6UjR5r3dIs&t=325s,로또6/45 제1110회 당첨번호 2024년 03월 09일
1109,2024-03-02,True,unverified,동행복권,verified,https://www.youtube.com/watch?v=4HnjgDk4cfU&t=325s,로또6/45 제1109회 당첨번호 2024년 03월 02일
1108,2024-02-24,True,unverified,동행복권,verified,https://www.youtube.com/watch?v=ze8UFg8UYSA&t=325s,로또6/45 제1108회 당첨번호 2024년 02월 24일
1107,2024-02-17,True,unverified,동행복권,verified,https://www.youtube.com/watch?v=T1I3pCniEgI&t=325s,로또6/45 제1107회 당첨번호 2024년 02월 17일
1106,2024-02-10,True,unverified,동행복권,verified,https://www.youtube.com/watch?v=2QaICWbSQzU&t=325s,로또6/45 제1106회 당첨번호 2024년 02월 10일
1105,2024-02-03,True,unverified,동행복권,verified,https://www.youtube.com/watch?v=5Ed2ifsW63U&t=325s,로또6/45 제1105회 당첨번호 2024년 02월 03일
1104,2024-01-27,True,unverified,동행복권,verified,https://www.youtube.com/watch?v=1IMsjAs99_s&t=325s,로또6/45 제1104회 당첨번호 2024년 01월 27일
1103,2024-01-20,True,unverified,동행복권,verified,https://www.youtube.com/watch?v=YA6yYv-hpQY&t=325s,로또6/45 제1103회 당첨번호 2024년 01월 20일
1102,2024-01-13,True,unverified,동행복권,verified,https://www.youtube.com/watch?v=wEDGUTiQW84&t=325s,로또6/45 제1102회 당첨번호 2024년 01월 13일
1101,2024-01-06,True,unverified,동행복권,verified,https://www.youtube.com/watch?v=_XlqTQ-7SeM&t=325s,로또6/45 제1101회 당첨번호 2024년 01월 06일
1100,2023-12-30,True,unverified,동행복권,verified,https://www.youtube.com/watch?v=1vZDkAziEps&t=325s,로또6/45 제1100회 당첨번호 2023년 12월 30일
1099,2023-12-23,True,unverified,동행복권,verified,https://www.youtube.com/watch?v=B7lvti1bqg0&t=325s,로또6/45 제1099회 당첨번호 2023년 12월 23일
1097,2023-12-09,True,unverified,동행복권,verified,https://www.youtube.com/watch?v=QcQc2TpIyOc&t=325s,로또6/45 제1097회 당첨번호 2023년 12월 09일
1093,2023-11-11,True,unverified,동행복권,verified,https://www.youtube.com/watch?v=0s8jIZ3X754&t=325s,로또6/45 제1093회 당첨번호 2023년 11월 11일
1092,2023-11-04,True,unverified,동행복권,verified,https://www.youtube.com/watch?v=iFHt5heAIKQ&t=325s,로또6/45 제1092회 당첨번호 2023년 11월 4일
1090,2023-10-21,True,unverified,동행복권,verified,https://www.youtube.com/watch?v=yP_BZNY0aV8&t=325s,로또6/45 제1090회 당첨번호 2023년 10월 21일
1089,2023-10-14,True,unverified,동행복권,verified,https://www.youtube.com/watch?v=_oKqQsIuQh8&t=325s,로또6/45 제1089회 당첨번호 2023년 10월 14일
1088,2023-10-07,True,unverified,동행복권,verified,https://www.youtube.com/watch?v=I3f6ePOZcMQ&t=325s,로또6/45 제1088회 당첨번호 2023년 10월 7일
1087,2023-09-30,True,unverified,동행복권,verified,https://www.youtube.com/watch?v=gDE8L-HjrqY&t=325s,로또6/45 제1087회 당첨번호 2023년 9월 30일
1086,2023-09-23,True,unverified,동행복권,verified,https://www.youtube.com/watch?v=BzIJHUk2QfU&t=325s,로또6/45 제1086회 당첨번호 2023년 9월 23일
1085,2023-09-16,True,unverified,동행복권,verified,https://www.youtube.com/watch?v=wBSj8BlLQ30&t=325s,로또6/45 제1085회 당첨번호 2023년 9월 16일
1084,2023-09-09,True,unverified,동행복권,verified,https://www.youtube.com/watch?v=z4MMhd9K8os&t=325s,로또6/45 제1084회 당첨번호 2023년 9월 9일
1082,2023-08-26,True,unverified,동행복권,verified,https://www.youtube.com/watch?v=gJ0uj-Pb7Ds&t=325s,로또6/45 제1082회 당첨번호 2023년 8월 26일
1074,2023-07-01,True,unverified,동행복권,verified,https://www.youtube.com/watch?v=dCwNltToE6k&t=325s,로또6/45 제 1074회 당첨번호 2023년 7월 1일
1064,2023-04-22,True,unverified,동행복권,verified,https://www.youtube.com/watch?v=i6MP-XZxBFU&t=325s,로또6/45 제1064회 당첨번호 2023년 4월 22일 추첨
1063,2023-04-15,True,unverified,동행복권,verified,https://www.youtube.com/watch?v=8WCxbRp_rds&t=325s,로또6/45 제1063회 당첨번호 2023년 4월 15일 추첨
1062,2023-04-08,True,unverified,동행복권,verified,https://www.youtube.com/watch?v=2Pkx0_R8U94&t=325s,로또6/45 제1062회 당첨번호 2023년 4월 8일 추첨
1061,2023-04-01,True,unverified,동행복권,verified,https://www.youtube.com/watch?v=Gq_L6HaDiuU&t=325s,로또6/45 제1061회 당첨번호 2023년 4월 1일 추첨
1060,2023-03-25,True,unverified,동행복권,verified,https://www.youtube.com/watch?v=kIdqQ8B_ZyE&t=325s,로또6/45 제1060회 당첨번호 2023년 3월 25일 추첨
1059,2023-03-18,True,unverified,동행복권,verified,https://www.youtube.com/watch?v=nvNgCKFETNE&t=325s,로또6/45 제1059회 당첨번호 2023년 3월 18일 추첨
1058,2023-03-11,True,unverified,동행복권,verified,https://www.youtube.com/watch?v=UKUL31gZ7k4&t=325s,로또6/45 제1058회 당첨번호 2023년 3월 11일 추첨
1056,2023-02-25,True,unverified,동행복권,verified,https://www.youtube.com/watch?v=s2Qyar5Xr5s&t=325s,로또6/45 제1056회 당첨번호 2023년 2월 25일 추첨
1055,2023-02-18,True,unverified,동행복권,verified,https://www.youtube.com/watch?v=7W-uGkr4B6g&t=325s,로또6/45 제1055회 당첨번호 2023년 2월 18일 추첨
1054,2023-02-11,True,unverified,동행복권,verified,https://www.youtube.com/watch?v=0OpotZuvAs0&t=325s,로또 제1054회 당첨번호 2023년 2월 11일 추첨
1053,2023-02-04,True,unverified,동행복권,verified,https://www.youtube.com/watch?v=kEQjGu4gz8Q&t=325s,로또 제1053회 당첨번호 2023년 2월 4일 추첨
1052,2023-01-28,True,unverified,동행복권,verified,https://www.youtube.com/watch?v=C0wellIP1r4&t=325s,로또 제1052회 당첨번호 2023년 1월 28일 추첨
1051,2023-01-21,True,unverified,동행복권,verified,https://www.youtube.com/watch?v=Qq18CwtjuCA&t=325s,로또 제1051회 당첨번호 2023년 1월 21일 추첨
1050,2023-01-14,True,unverified,동행복권,verified,https://www.youtube.com/watch?v=vlBS_xGGNEw&t=325s,로또 제1050회 당첨번호 2023년 1월 14일 추첨
1049,2023-01-07,True,unverified,동행복권,verified,https://www.youtube.com/watch?v=D3I4P1bdyic&t=325s,로또 제1049회 당첨번호 2023년 1월 7일 추첨
1048,2022-12-31,True,unverified,동행복권,verified,https://www.youtube.com/watch?v=hN2DMazw6VI&t=325s,로또 제1048회 당첨번호 2022년 12월 31일 추첨
1047,2022-12-24,True,unverified,동행복권,verified,https://www.youtube.com/watch?v=loOz1YrRb9A&t=325s,로또 제1047회 당첨번호 2022년 12월 24일 추첨
1046,2022-12-17,True,unverified,동행복권,verified,https://www.youtube.com/watch?v=u4EJRJyDpqc&t=325s,로또 제1046회 당첨번호 2022년 12월 17일 추첨
1045,2022-12-10,True,unverified,동행복권,verified,https://www.youtube.com/watch?v=PD7SSZrYcRQ&t=325s,로또 제1045회 당첨번호 2022년 12월 10일 추첨
1044,2022-12-03,True,unverified,동행복권,verified,https://www.youtube.com/watch?v=nPMI9dy4KP8&t=325s,로또 제1044회 당첨번호 2022년 12월 03일 추첨
1043,2022-11-26,True,unverified,동행복권,verified,https://www.youtube.com/watch?v=2TfkFM78tWM&t=325s,로또 제1043회 당첨번호 2022년 11월 26일 추첨
1042,2022-11-19,True,unverified,동행복권,verified,https://www.youtube.com/watch?v=o5BSbK3exCA&t=325s,로또 제1042회 당첨번호 2022년 11월 19일 추첨
1041,2022-11-12,True,unverified,동행복권,verified,https://www.youtube.com/watch?v=CrvFHy9buBE&t=325s,로또 제1041회 당첨번호 2022년 11월 12일 추첨
1040,2022-11-05,True,unverified,동행복권,verified,https://www.youtube.com/watch?v=FaQIwH7IJSI&t=325s,로또 제1040회 당첨번호 2022년 11월 5일 추첨
1039,2022-10-29,True,unverified,동행복권,verified,https://www.youtube.com/watch?v=x-G2PT-a-PQ&t=325s,로또 제1039회 당첨번호 2022년 10월 29일 추첨
1038,2022-10-22,True,unverified,동행복권,verified,https://www.youtube.com/watch?v=ivIRJtbUSVc&t=325s,로또 제1038회 당첨번호 2022년 10월 22일 추첨
1037,2022-10-15,True,unverified,동행복권,verified,https://www.youtube.com/watch?v=0ug0D_NqsX4&t=325s,로또 제1037회 당첨번호 2022년 10월 15일 추첨
1036,2022-10-08,True,unverified,동행복권,verified,https://www.youtube.com/watch?v=kvv9lBVXyJ4&t=325s,로또 제1036회 당첨번호 2022년 10월 8일 추첨
1035,2022-10-01,True,unverified,동행복권,verified,https://www.youtube.com/watch?v=yH0kgeFg1Os&t=325s,로또 제1035회 당첨번호 2022년 10월 1일 추첨
1034,2022-09-24,True,unverified,동행복권,verified,https://www.youtube.com/watch?v=0cGUJk-MqW8&t=325s,로또 제1034회 당첨번호 2022년 09월 24일 추첨
1033,2022-09-17,True,unverified,동행복권,verified,https://www.youtube.com/watch?v=-erF6Nnp4fM&t=325s,로또 제1033회 당첨번호 2022년 09월 17일 추첨
1032,2022-09-10,True,unverified,동행복권,verified,https://www.youtube.com/watch?v=rCHIVoQprSk&t=325s,로또 제1032회 당첨번호 2022년 09월 10일 추첨
1031,2022-09-03,True,unverified,동행복권,verified,https://www.youtube.com/watch?v=v7g2QimzSw0&t=325s,로또 제1031회 당첨번호 2022년 09월 03일 추첨
1030,2022-08-27,True,unverified,동행복권,verified,https://www.youtube.com/watch?v=D3Cu3dToQSk&t=325s,로또 제1030회 당첨번호 2022년 08월 27일 추첨
1029,2022-08-20,True,unverified,동행복권,verified,https://www.youtube.com/watch?v=ODD4oVASfAk&t=325s,로또 제1029회 당첨번호 2022년 08월 20일 추첨
1028,2022-08-13,True,unverified,동행복권,verified,https://www.youtube.com/watch?v=8GQ8xP4eIQs&t=325s,로또 제1028회 당첨번호 2022년 08월 13일 추첨
1027,2022-08-06,True,unverified,동행복권,verified,https://www.youtube.com/watch?v=HGSeV47sKDY&t=325s,로또 제1027회 당첨번호 2022년 08월 06일 추첨
1026,2022-07-30,True,unverified,동행복권,verified,https://www.youtube.com/watch?v=8YGv3hcyFtQ&t=325s,로또 제1026회 당첨번호 2022년 07월 30일 추첨
1025,2022-07-23,True,unverified,동행복권,verified,https://www.youtube.com/watch?v=cqJsPJR7j9k&t=325s,로또 제1025회 당첨번호 2022년 07월 23일 추첨
1024,2022-07-16,True,unverified,동행복권,verified,https://www.youtube.com/watch?v=52dpL-fvKkE&t=325s,로또 제1024회 당첨번호 2022년 07월 16일 추첨
1023,2022-07-09,True,unverified,동행복권,verified,https://www.youtube.com/watch?v=ji6GqYhXMrk&t=325s,로또 제1023회 당첨번호 2022년 07월 09일 추첨
1022,2022-07-02,True,unverified,동행복권,verified,https://www.youtube.com/watch?v=X_fcAzjqeYE&t=325s,로또 제1022회 당첨번호 2022년 07월 02일 추첨
1021,2022-06-25,True,unverified,동행복권,verified,https://www.youtube.com/watch?v=qufVtixB2T0&t=325s,로또 제1021회 당첨번호 2022년 06월 25일 추첨
1020,2022-06-18,True,unverified,동행복권,verified,https://www.youtube.com/watch?v=hcjJjAu06F8&t=325s,로또 제1020회 당첨번호 2022년 06월 18일 추첨
1019,2022-06-11,True,unverified,동행복권,verified,https://www.youtube.com/watch?v=xO1Izm6Dpx4&t=325s,로또 제1019회 당첨번호 2022년 06월 11일 추첨
1018,2022-06-04,True,unverified,동행복권,verified,https://www.youtube.com/watch?v=2Oq8Hqk_eA4&t=325s,로또 제1018회 당첨번호 2022년 06월 04일 추첨
1017,2022-05-28,True,unverified,동행복권,verified,https://www.youtube.com/watch?v=0JAYkNGF36A&t=325s,로또 제1017회 당첨번호 2022년 05월 28일 추첨
1016,2022-05-21,True,unverified,동행복권,verified,https://www.youtube.com/watch?v=gxFcFQ0J93E&t=325s,로또 제1016회 당첨번호 2022년 05월 21일 추첨
1015,2022-05-14,True,unverified,동행복권,verified,https://www.youtube.com/watch?v=rtNxIX_WPKM&t=325s,로또 제1015회 당첨번호 2022년 05월 14일 추첨
1014,2022-05-07,True,unverified,동행복권,verified,https://www.youtube.com/watch?v=XWKPOZpOxDk&t=325s,로또 제1014회 당첨번호 2022년 05월 07일 추첨
1013,2022-04-30,True,unverified,동행복권,verified,https://www.youtube.com/watch?v=Wegk2lEiWIA&t=325s,로또 제1013회 당첨번호 2022년 04월 30일 추첨
1012,2022-04-23,True,unverified,동행복권,verified,https://www.youtube.com/watch?v=jW4I5a2QQSQ&t=325s,로또 제1012회 당첨번호 2022년 04월 23일 추첨
1011,2022-04-16,True,unverified,동행복권,verified,https://www.youtube.com/watch?v=QPwmkkK2CkI&t=325s,로또 제1011회 당첨번호 2022년 04월 16일 추첨
1010,2022-04-09,True,unverified,동행복권,verified,https://www.youtube.com/watch?v=oHybAcNxT4E&t=325s,로또 제1010회 당첨번호 2022년 04월 09일 추첨
1009,2022-04-02,True,unverified,동행복권,verified,https://www.youtube.com/watch?v=Qao-dEr5rEg&t=325s,로또 제1009회 당첨번호 2022년 04월 02일 추첨
1008,2022-03-26,True,unverified,동행복권,verified,https://www.youtube.com/watch?v=JEJZlvaUnbM&t=325s,로또 제1008회 당첨번호 2022년 03월 26일 추첨
1007,2022-03-19,True,unverified,동행복권,verified,https://www.youtube.com/watch?v=acbv_Ub1Nlw&t=325s,로또 제1007회 당첨번호 2022년 03월 19일 추첨
1006,2022-03-12,True,unverified,동행복권,verified,https://www.youtube.com/watch?v=M3kgEtBfJNg&t=325s,로또 제1006회 당첨번호 2022년 03월 12일 추첨
1005,2022-03-05,True,unverified,동행복권,verified,https://www.youtube.com/watch?v=L9rH6FWphdg&t=325s,로또 제1005회 당첨번호 2022년 03월 05일 추첨
1004,2022-02-26,True,unverified,동행복권,verified,https://www.youtube.com/watch?v=DWZnQ7TpC74&t=325s,로또 제1004회 당첨번호 2022년 02월 26일 추첨
1003,2022-02-19,True,unverified,동행복권,verified,https://www.youtube.com/watch?v=UFU0mD9itds&t=325s,로또 제1003회 당첨번호 2022년 02월 19일 추첨
1002,2022-02-12,True,unverified,동행복권,verified,https://www.youtube.com/watch?v=oDC5xqZ1Z44&t=325s,로또 제1002회 당첨번호 2022년 02월 12일 추첨
1001,2022-02-05,True,unverified,동행복권,verified,https://www.youtube.com/watch?v=EekCFaBWaUs&t=325s,로또 제1001회 당첨번호 2022년 02월 05일 추첨
1000,2022-01-29,True,unverified,동행복권,verified,https://www.youtube.com/watch?v=M4tBWBAFHss&t=325s,로또 제1000회 당첨번호 2022년 01월 29일 추첨
999,2022-01-22,True,unverified,동행복권,verified,https://www.youtube.com/watch?v=eXRP8eo7dnQ&t=325s,로또 제999회 당첨번호 2022년 01월 22일 추첨
998,2022-01-15,True,unverified,동행복권,verified,https://www.youtube.com/watch?v=wjnm5J-TGG8&t=325s,로또 제998회 당첨번호 2022년 01월 15일 추첨
997,2022-01-08,True,unverified,동행복권,verified,https://www.youtube.com/watch?v=3STR4rIkO7E&t=325s,로또 제997회 당첨번호 2022년 01월 08일 추첨
996,2022-01-01,True,unverified,동행복권,verified,https://www.youtube.com/watch?v=n8TX13nkbw8&t=325s,로또 제996회 당첨번호 2022년 1월 1일 추첨
995,2021-12-25,True,unverified,동행복권,verified,https://www.youtube.com/watch?v=f1HWMYA8yY4&t=325s,로또 제995회 당첨번호 2021년 12월 25일 추첨
994,2021-12-18,True,unverified,동행복권,verified,https://www.youtube.com/watch?v=-zxPJCzjdrk&t=325s,로또 제994회 당첨번호 2021년 12월 18일 추첨
993,2021-12-11,True,unverified,동행복권,verified,https://www.youtube.com/watch?v=W28Ccsydew4&t=325s,로또 제993회 당첨번호 2021년 12월 11일 추첨
992,2021-12-04,True,unverified,동행복권,verified,https://www.youtube.com/watch?v=fo9ybDjyjTg&t=325s,로또 제992회 당첨번호 2021년 12월 4일 추첨
991,2021-11-27,True,unverified,동행복권,verified,https://www.youtube.com/watch?v=EONFtu8ecQY&t=325s,로또 제991회 당첨번호 2021년 11월 27일 추첨
990,2021-11-20,True,unverified,동행복권,verified,https://www.youtube.com/watch?v=5LYhI92RS4s&t=325s,로또 제990회 당첨번호 2021년 11월 20일 추첨
989,2021-11-13,True,unverified,동행복권,verified,https://www.youtube.com/watch?v=dR7Gwm5DkRM&t=325s,로또 제989회 당첨번호 2021년 11월 13일 추첨
988,2021-11-06,True,unverified,동행복권,verified,https://www.youtube.com/watch?v=TTTPJTMhLy0&t=325s,로또 제988회 당첨번호_2021년 11월 6일 추첨
987,,False,third_party_reupload,로또랩,verified,https://www.youtube.com/watch?v=zbttQE7N3p0&t=240s,로또987 1등 당첨번호 추첨방송 로또랩 황금손 forecast07 Week43 2021
986,,False,third_party_reupload,로또랩,verified,https://www.youtube.com/watch?v=n5wB4UKwyDA&t=240s,로또랩 로또986 1등 당첨번호 추첨방송 동행복권 황금손 forecast09 Week42 2021
985,,False,third_party_reupload,로또랩,verified,https://www.youtube.com/watch?v=VvNL9lNmoxg&t=240s,동행복권 로또985 당첨번호 추첨방송 forecast06 Week41 2021
984,,False,third_party_reupload,로또랩,verified,https://www.youtube.com/watch?v=1KnR4QNr_5o&t=240s,로또984 1등 당첨번호 로또 추첨 방송 로또랩 황금손 MBC Forecast8 Week40 2021
983,,False,third_party_reupload,로또랩,verified,https://www.youtube.com/watch?v=-5CIGHVLMuI&t=240s,로또983 1등 당첨번호 추첨방송 로또랩 황금손 forecast8 Week39 2021
982,,False,third_party_reupload,로또랩,verified,https://www.youtube.com/watch?v=tkEboHeJuKo&t=240s,로또랩 로또982 1등 당첨번호 추첨방송 동행복권 황금손 forecast10 Week38 2021
981,,False,third_party_reupload,로또랩,verified,https://www.youtube.com/watch?v=xEHGV9GuXf4&t=240s,동행복권 로또981 당첨번호 추첨방송 forecast9 Week38 2021
980,,False,third_party_reupload,로또랩,verified,https://www.youtube.com/watch?v=a-5vQ44LXqY&t=240s,로또980 1등 당첨번호 로또 추첨 방송 로또랩 황금손 MBC Forecast9 Week37 2021
979,,False,third_party_reupload,로또랩,verified,https://www.youtube.com/watch?v=Xi1oB_NjHAI&t=240s,로또979 1등 당첨번호 추첨방송 로또랩 황금손 forecast9 Week36 2021
978,,False,third_party_reupload,로또랩,verified,https://www.youtube.com/watch?v=Na2OvZfDUoI&t=240s,로또랩 로또978 1등 당첨번호 추첨방송 동행복권 황금손 forecast9 Week35 2021
977,,False,third_party_reupload,로또랩,verified,https://www.youtube.com/watch?v=U_pplzPfe7s&t=240s,동행복권 로또977 당첨번호 추첨방송 forecast7 Week34 2021
976,,False,third_party_reupload,로또랩,verified,https://www.youtube.com/watch?v=bqZRAfkaZZ0&t=240s,로또976 1등 당첨번호 로또 추첨 방송 로또랩 황금손 MBC Forecast9 Week33 2021
975,,False,third_party_reupload,로또랩,verified,https://www.youtube.com/watch?v=b_YQlPFnMPY&t=240s,로또975 1등 당첨번호 추첨방송 로또랩 황금손 forecast8 Week32 2021
974,,False,third_party_reupload,에브리또 - No.1 앱테크,pending,https://www.youtube.com/watch?v=aw4W0sWMHKg&t=240s,로또 974회 당첨번호 안내 동영상
973,,False,third_party_reupload,로또랩,verified,https://www.youtube.com/watch?v=Ys5LALLvBOU&t=240s,동행복권 로또973 당첨번호 추첨방송 forecast6 Week30 2021
972,,False,third_party_reupload,로또랩,verified,https://www.youtube.com/watch?v=g5jEFa25uzo&t=240s,로또972 1등 당첨번호 로또 추첨 방송 로또랩 황금손 MBC Forecast11 Week29 2021
971,,False,third_party_reupload,로또랩,verified,https://www.youtube.com/watch?v=Whp6g9R60fM&t=240s,로또971 1등 당첨번호 추첨방송 로또랩 황금손 forecast9 Week28 2021
970,,False,third_party_reupload,로또랩,verified,https://www.youtube.com/watch?v=CcOzoroaVWs&t=240s,로또랩 로또970 1등 당첨번호 추첨방송 동행복권 황금손 forecast9 Week27 2021
969,,False,third_party_reupload,로또랩,verified,https://www.youtube.com/watch?v=xr-WLomuFf8&t=240s,동행복권 로또969 당첨번호 추첨방송 forecast8 Week26 2021
968,,False,third_party_reupload,로또랩,verified,https://www.youtube.com/watch?v=1HS3u53NWbw&t=240s,로또968 당첨번호 로또 추첨 방송 로또랩 황금손 MBC Forecast6 Week25 2021
967,,False,third_party_reupload,로또랩,verified,https://www.youtube.com/watch?v=vqKMmenU3Uc&t=240s,로또967회당첨번호 추첨방송 @로또랩 황금손 forecast8 Week24 2021
966,,False,third_party_reupload,로또랩,verified,https://www.youtube.com/watch?v=UPtvIGExva0&t=240s,@로또랩 로또966회당첨번호 추첨방송 동행복권 황금손 forecast7 Week23 2021
965,,False,third_party_reupload,로또랩,verified,https://www.youtube.com/watch?v=S0xY72MVCyQ&t=240s,로또 특징점 동행복권 추첨방송 @로또랩 로또965회당첨번호 forecast4 Week22 2021
964,,False,third_party_reupload,로또랩,verified,https://www.youtube.com/watch?v=KmJXFg5agfo&t=240s,로또964회당첨번호 로또 추첨 방송 @로또랩 황금손 MBC Forecast6 Week21 2021
963,,False,third_party_reupload,로또랩,verified,https://www.youtube.com/watch?v=SYy8cn6E07c&t=240s,로또 당첨번호 추첨방송 @로또랩 황금손 로또963회당첨번호 forecast5 Week20 2021
962,,False,third_party_reupload,로또랩,verified,https://www.youtube.com/watch?v=ZVA52Kqm24A&t=240s,@로또랩 로또962회당첨번호 추첨방송 동행복권 황금손 forecast6 Week19 2021
961,,False,third_party_reupload,로또랩,verified,https://www.youtube.com/watch?v=EVRvhRVcQlE&t=240s,로또 특징점 동행복권 추첨방송 @로또랩 로또961회당첨번호 forecast7 Week18 2021
960,,False,third_party_reupload,로또랩,verified,https://www.youtube.com/watch?v=465A3pQGJxA&t=240s,로또960회당첨번호 로또 추첨 방송 @로또랩 황금손 MBC Forecast6 Week17 2021
959,,False,third_party_reupload,로또랩,verified,https://www.youtube.com/watch?v=FF5zmCZ_8ig&t=240s,로또 당첨번호 추첨방송 @로또랩 동행복권 로또959회당첨번호 forecast8 Week16 2021
958,,False,third_party_reupload,로또랩,verified,https://www.youtube.com/watch?v=OGD0kEwRUU4&t=240s,로또랩 로또958회당첨번호 추첨방송 동행복권 황금손 forecast5 Week15 2021
957,,False,third_party_reupload,로또랩,verified,https://www.youtube.com/watch?v=PLsZq4wPa3o&t=240s,로또 특징점 동행복권 추첨방송 로또랩 로또957회당첨번호 forecast8 Week14 2021
956,,False,third_party_reupload,로또랩,verified,https://www.youtube.com/watch?v=4W5688N6GOE&t=240s,로또956회당첨번호 예상 로또 추첨 방송 로또랩 황금손 MBC Forecast9 Week13 2021
955,,False,third_party_reupload,로또랩,verified,https://www.youtube.com/watch?v=HFzPTUgPNrQ&t=240s,로또 당첨번호 추첨방송 로또랩 동행복권 로또955회당첨번호 forecast9 Week12 2021
954,,False,third_party_reupload,로또랩,verified,https://www.youtube.com/watch?v=225GQSQDm-M&t=240s,로또랩 로또954회당첨번호 추첨방송 동행복권 황금손 forecast10 Week11 2021
953,,False,third_party_reupload,로또랩,verified,https://www.youtube.com/watch?v=-t-9dFexAnc&t=240s,로또 특징점 동행복권 추첨방송 로또랩 로또953회당첨번호 forecast9 Week10 2021
952,,False,third_party_reupload,로또랩,verified,https://www.youtube.com/watch?v=ahUZjaMNqVE&t=240s,로또952회당첨번호 예상 로또 추첨 방송 로또랩 황금손 MBC Forecast8 Week9 2021
951,,False,third_party_reupload,로또랩,verified,https://www.youtube.com/watch?v=gHMnDCdP1tc&t=240s,로또 당첨번호 추첨방송 로또랩 동행복권 로또951회당첨번호  forecast9 Week8 2021
950,,False,third_party_reupload,로또랩,verified,https://www.youtube.com/watch?v=dOEzOAabNbg&t=240s,로또랩 로또950회당첨번호 대비 특징점 로또 추첨방송 동행복권 forecast8 Week7 2021
949,,False,third_party_reupload,로또랩,verified,https://www.youtube.com/watch?v=RsQzZXSEfV0&t=240s,로또 동행복권 추첨방송  로또랩 로또949회당첨번호 forecast8 Week6 2021
948,,False,third_party_reupload,로또랩,verified,https://www.youtube.com/watch?v=4YQTDccmn-w&t=240s,로또948회당첨번호 로또랩 로또 추첨 방송 황금손 MBC Forecast8 Week5 2021
947,,False,third_party_reupload,로또랩,verified,https://www.youtube.com/watch?v=hdFur2BwNgg&t=240s,로또 당첨번호 추첨방송 동행복권 로또947회당첨번호 로또랩 forecast10 Week4 2021
946,,False,third_party_reupload,로또랩,verified,https://www.youtube.com/watch?v=Ol0haKSnUGk&t=240s,로또 추첨방송 동행복권 로또946회당첨번호 로또랩 forecast10 Week3 2021
945,,False,third_party_reupload,로또랩,verified,https://www.youtube.com/watch?v=1wxRzK7eqn0&t=240s,로또랩 로또945회당첨번호 추첨 방송 황금손 MBC Forecast6 Week2 2021
944,,False,third_party_reupload,로또랩,verified,https://www.youtube.com/watch?v=XMyERzwVqE0&t=240s,로또 당첨번호 추첨방송 동행복권 로또944회당첨번호 로또랩 forecast6 Week1 2021
943,,False,third_party_reupload,로또랩,verified,https://www.youtube.com/watch?v=vF3W8kPx7wo&t=240s,로또 추첨방송 로또943회당첨번호 로또랩 황금손 MBC Forecast9 Week52 2020
942,,False,third_party_reupload,로또랩,verified,https://www.youtube.com/watch?v=QuPPH4MLzfE&t=240s,로또 추첨방송 동행복권 로또942회당첨번호 로또랩 forecast7 Week51 2020
941,,False,third_party_reupload,로또랩,verified,https://www.youtube.com/watch?v=GHFSoCczeho&t=240s,로또 추첨방송 로또랩 로또941회당첨번호 황금손 MBC Forecast7 Week50 2020
940,,False,third_party_reupload,로또랩,verified,https://www.youtube.com/watch?v=fu9XJ_Qi4_g&t=240s,로또940회당첨번호 추첨방송 동행복권 로또랩 forecast8 Week49 2020
939,,False,third_party_reupload,로또랩,verified,https://www.youtube.com/watch?v=Bs5JoUkZ13Q&t=240s,로또 추첨방송 로또랩 로또939회당첨번호 황금손 MBC Forecast7 Week48 2020
938,,False,third_party_reupload,로또랩,verified,https://www.youtube.com/watch?v=BM6WoFJBDTo&t=240s,로또938회당첨번호 추첨방송 동행복권 로또랩 forecast8 Week47 2020
937,,False,third_party_reupload,로또랩,verified,https://www.youtube.com/watch?v=3YwRTDtCqOo&t=240s,로또937회당첨번호 추첨방송 로또랩 황금손 MBC Forecast7 Week46 2020
936,,False,third_party_reupload,로또랩,verified,https://www.youtube.com/watch?v=NKZiN40qOk0&t=240s,로또추첨방송 동행복권 로또936회당첨번호 로또랩 forecast7 Week45 2020
935,,False,third_party_reupload,로또랩,verified,https://www.youtube.com/watch?v=gxCZHVZytWw&t=240s,로또랩 로또935회당첨번호 추첨방송 황금손 MBC Forecast8 Week44 2020
934,,False,third_party_reupload,로또랩,verified,https://www.youtube.com/watch?v=WD_--d-O1ks&t=240s,로또추첨방송 동행복권 로또934회당첨번호 로또랩 forecast6 Week43 2020
933,,False,third_party_reupload,로또랩,verified,https://www.youtube.com/watch?v=A63B7tlwJAw&t=240s,로또933회당첨번호 추첨방송 황금손 MBC Forecast8 Week42 2020
932,,False,third_party_reupload,로또랩,verified,https://www.youtube.com/watch?v=7wA3SCtLyGA&t=240s,로또추첨방송 동행복권 로또932회당첨번호 로또랩 forecast6 Week41 2020
931,,False,third_party_reupload,로또랩,verified,https://www.youtube.com/watch?v=_i4X_t6Xm-0&t=240s,로또랩 로또931회당첨번호 추첨방송 황금손 MBC Forecast7 Week40 2020
930,,False,third_party_reupload,로또랩,verified,https://www.youtube.com/watch?v=47raaMwvz7o&t=240s,로또추첨방송 로또930회당첨번호 MBC 황금손 로또랩 forecast9 Week39 2020
929,,False,third_party_reupload,로또랩,verified,https://www.youtube.com/watch?v=G0_i-hyvSf8&t=240s,로또929회당첨번호 추첨방송 로또랩 황금손 MBC Forecast7 Week38 2020
928,,False,third_party_reupload,로또랩,verified,https://www.youtube.com/watch?v=RCJq4EcPkKU&t=240s,동행복권 로또추첨방송 로또928회당첨번호 황금손 로또랩 forecast6 Week37 2020
927,,False,third_party_reupload,로또랩,verified,https://www.youtube.com/watch?v=D9cT8NjBkgo&t=240s,로또랩 로또927회당첨번호 황금손 MBC 추첨방송 Forecast7 Week36 2020
926,,False,third_party_reupload,로또랩,verified,https://www.youtube.com/watch?v=iGwKa-wwS8Y&t=240s,MBC 로또추첨방송 로또랩 로또926회당첨번호 forecast6 Week35 2020
925,,False,third_party_reupload,로또랩,verified,https://www.youtube.com/watch?v=zZ0STCCegZM&t=240s,로또랩 동행복권 로또925회당첨번호 MBC 추첨방송 Forecast6 Week34 2020
924,,False,third_party_reupload,로또랩,verified,https://www.youtube.com/watch?v=FArW7RK7pj8&t=240s,생방송 로또추첨방송 로또924회당첨번호 로또랩 MBC forecast7 Week33 2020
923,,False,third_party_reupload,로또랩,verified,https://www.youtube.com/watch?v=EQKMdGXFzB8&t=240s,MBC 로또923회당첨번호 추첨방송 로또랩  황금손 Forecast6 Week32 2020
922,,False,third_party_reupload,로또랩,verified,https://www.youtube.com/watch?v=lKBDEi68ZZE&t=240s,로또추첨방송 로또922회당첨번호 로또랩 황금손 forecast7 Week31 2020
921,,False,third_party_reupload,로또랩,verified,https://www.youtube.com/watch?v=A0pImAYqnDg&t=240s,동행복권 로또 추첨방송 로또랩 로또921회당첨번호 황금손 Forecast8 Week30 2020
920,,False,third_party_reupload,로또랩,verified,https://www.youtube.com/watch?v=Xy_Efi3FPQ0&t=240s,로또920회당첨번호 동행복권 로또랩 로또추첨방송 황금손 forecast9 Week29 2020
919,,False,third_party_reupload,로또랩,verified,https://www.youtube.com/watch?v=s7YyMRLv_DM&t=240s,MBC 동행복권 추첨방송 로또랩 로또919회당첨번호 Forecast6 Week28 2020
918,,False,third_party_reupload,로또랩,verified,https://www.youtube.com/watch?v=-irjuWDeQAU&t=240s,로또918회당첨번호 MBC 동행복권 로또랩 로또추첨방송 Forecast9 Week27 2020
917,,False,third_party_reupload,로또랩,verified,https://www.youtube.com/watch?v=Y-2p5jJl-tI&t=240s,동행복권 로또917회당첨번호 추첨방송 로또랩 Forecast9 Week26 2020
916,,False,third_party_reupload,로또랩,verified,https://www.youtube.com/watch?v=ZRrCIuy2cdw&t=240s,로또랩 로또추첨방송 로또916회당첨번호 MBC 동행복권Forecast6 Week25 2020
915,,False,third_party_reupload,로또랩,verified,https://www.youtube.com/watch?v=jLUi9QQKuDY&t=240s,생방송 동행복권 추첨방송 로또915회당첨번호 로또랩Forecast9 Week24 2020
914,,False,third_party_reupload,로또랩,verified,https://www.youtube.com/watch?v=HwdGNzmfEy4&t=240s,동행복권 MBC 추첨방송 로또914회당첨번호 로또랩 Forecast8 Week21 2020
913,,False,third_party_reupload,로또랩,verified,https://www.youtube.com/watch?v=ybDj01d8nho&t=240s,생방송 로또 추첨방송 로또랩 행복드림 로또913회당첨번호 Forecast8 Week22 2020
912,,False,third_party_reupload,로또랩,verified,https://www.youtube.com/watch?v=y9BplqFzD-Q&t=240s,동행복권 로또912회당첨번호 추첨방송 로또랩 Forecast8 Week21 2020
911,,False,third_party_reupload,로또랩,verified,https://www.youtube.com/watch?v=oUMge1YO2zI&t=240s,로또 추첨방송 MBC 행복드림 로또911회당첨번호 로또랩 Forecast6 Week20 2020
910,,False,third_party_reupload,로또랩,pending,https://www.youtube.com/watch?v=N0TticEX_8M&t=240s,로또랩 로또예상 당첨 결과 로또910회당첨번호 대비 Forecast5 Week19 2020
909,,False,third_party_reupload,로또랩,verified,https://www.youtube.com/watch?v=twTSPtLYv1A&t=240s,MBC 행복드림 로또 추첨방송 로또909회당첨번호 로또랩 Forecast6 Week18 2020
908,,False,third_party_reupload,로또랩,verified,https://www.youtube.com/watch?v=0vpGW1udW-I&t=240s,동행복권 로또 추첨방송 로또908회당첨번호 로또랩 Forecast6 Week17 2020
907,,False,third_party_reupload,로또랩,verified,https://www.youtube.com/watch?v=z5MKloy0etQ&t=240s,동행복권 로또 추첨방송 MBC 로또907회당첨번호 로또랩 Forecast5 Week16 2020
906,,False,third_party_reupload,로또랩,verified,https://www.youtube.com/watch?v=U6PTdUAh0r8&t=240s,대한민국 로또 추첨방송 로또906회당첨번호 로또랩 황금손 Forecast6 Week15 2020
905,,False,third_party_reupload,로또랩,verified,https://www.youtube.com/watch?v=0vJkheD9Xqc&t=240s,로또랩 동행복권 로또 추첨방송 MBC 로또905회당첨번호 Forecast6 Week14 2020
904,,False,third_party_reupload,로또랩,pending,https://www.youtube.com/watch?v=_IOIsj1MT5k&t=240s,로또 추첨방송 로또904회당첨번호 로또랩 황금손 Forecast 4 Week 13 2020
903,,False,third_party_reupload,로또랩,pending,https://www.youtube.com/watch?v=xR5-nwffX4I&t=240s,로또랩 로또 추첨방송 로또903회당첨번호 황금손 Forecast 5 Week 12 2020
902,,False,third_party_reupload,로또랩,pending,https://www.youtube.com/watch?v=qvNz6rQRX0s&t=240s,당첨번호가 결정되는 쫄깃한 순간 로또 추첨방송 MBC 로또902회당첨번호 로또랩 Forecast 6 Week 11 2020
901,,False,third_party_reupload,로또랩,pending,https://www.youtube.com/watch?v=S-m3EdhxJ9A&t=240s,로또 추첨방송 MBC 로또901회당첨번호 로또랩 Forecast 5 Week 10 2020
900,,False,third_party_reupload,로또랩,pending,https://www.youtube.com/watch?v=dc7WSoW_r-k&t=240s,로또900회당첨번호 로또 추첨방송 MBC 로또랩 Forecast 7 Week 9 2020
899,,False,third_party_reupload,로또랩,pending,https://www.youtube.com/watch?v=_4Y2v2jBoGg&t=240s,로또랩 로또 추첨방송 로또899회당첨번호 MBC  Forecast 6 Week 8 2020
551,,True,official_broadcaster_archive,SBS STORY,pending,https://www.youtube.com/watch?v=hR0w0y164V8&t=240s,로또551회당첨번호 추첨방송
550,,True,official_broadcaster_archive,SBS STORY,pending,https://www.youtube.com/watch?v=rgHx_EhoYpQ&t=240s,로또550회당첨번호 당첨방송
